{"CLIP-T": 0.34119873043463017, "CLIP-I": 0.8277734374862038, "DINO": 0.3992893063955516}
