{"CLIP-T": 0.3411938476221306, "CLIP-I": 0.624902343737502, "DINO": 0.30127291583412347}
