{"CLIP-T": 0.3432177734031782, "CLIP-I": 0.6342182617060657, "DINO": 0.42905376457309924}
