{"CLIP-T": 0.3357873534820463, "CLIP-I": 0.6246158854062563, "DINO": 0.20488218877433503}
