{"CLIP-T": 0.0, "CLIP-I": 0.8156331377942686, "DINO": 0.7673136093074516}
