{"CLIP-T": 0.31182495114069253, "CLIP-I": 0.7967285156117212, "DINO": 0.7712133691579711}
