{"CLIP-T": 0.30190063473543494, "CLIP-I": 0.7656632486851556, "DINO": 0.7267722355204888}
