{"CLIP-T": 0.21451171872854885, "CLIP-I": 0.6864900716031418, "DINO": 0.6753782022383501}
