{"CLIP-T": 0.3052587890319741, "CLIP-I": 0.7213557942588107, "DINO": 0.7002916924042016}
