{"CLIP-T": 0.3384155273099085, "CLIP-I": 0.600558675120199, "DINO": 0.4666930803578796}
