{"CLIP-T": 0.33848388668490165, "CLIP-I": 0.6121445312377571, "DINO": 0.26377836992064063}
