{"CLIP-T": 0.3387670898098733, "CLIP-I": 0.8375302734207494, "DINO": 0.6521297926772345}
