{"CLIP-T": 0.3387670898098733, "CLIP-I": 0.8239697265460206, "DINO": 0.5993317642688094}
