{"CLIP-T": 0.3244140624675586, "CLIP-I": 0.7676074218622065, "DINO": 0.3893197601099494}
