{"CLIP-T": 0.32206665035841836, "CLIP-I": 0.7051083984233978, "DINO": 0.5397838599275874}
