{"CLIP-T": 0.3317114257480789, "CLIP-I": 0.8909882812321802, "DINO": 0.8344519382548334}
