{"CLIP-T": 0.0, "CLIP-I": 0.9392382808743046, "DINO": 0.8792187353431977}
