{"CLIP-T": 0.34156982418459303, "CLIP-I": 0.783751953109325, "DINO": 0.35320929145479096}
