{"CLIP-T": 0.31148193356260184, "CLIP-I": 0.8611591796702768, "DINO": 0.8050775120097315}
