{"CLIP-T": 0.3075329589536217, "CLIP-I": 0.876596679669968, "DINO": 0.8396901398729233}
