{"CLIP-T": 0.34159179684084084, "CLIP-I": 0.7752115885287465, "DINO": 0.1616600479205204}
