{"CLIP-T": 0.34185546871581446, "CLIP-I": 0.7318774413940521, "DINO": 0.1506442848536845}
