{"CLIP-T": 0.34149658199710037, "CLIP-I": 0.7548945312349021, "DINO": 0.3342372848846226}
