{"CLIP-T": 0.34177246090332275, "CLIP-I": 0.7881201171717376, "DINO": 0.3976373331467256}
