{"CLIP-T": 0.34165771480958423, "CLIP-I": 0.7897558593592049, "DINO": 0.329404383682577}
