{"CLIP-T": 0.3417285155908272, "CLIP-I": 0.7957167968590857, "DINO": 0.28073997061883205}
