{"CLIP-T": 0.3199450683273805, "CLIP-I": 0.6640283202958993, "DINO": 0.41553906815950337}
