{"CLIP-T": 0.31619873043713015, "CLIP-I": 0.7160913085818151, "DINO": 0.33564613883134603}
