{"CLIP-T": 0.3432177734031782, "CLIP-I": 0.6486533202995269, "DINO": 0.42105444543711645}
