{"CLIP-T": 0.3199450683273805, "CLIP-I": 0.5885937499882281, "DINO": 0.2874308075772854}
