{"CLIP-T": 0.3351123046539888, "CLIP-I": 0.8159122721218182, "DINO": 0.45098948153846824}
