{"CLIP-T": 0.3288891601233611, "CLIP-I": 0.5821269531133575, "DINO": 0.29886394498644575}
