{"CLIP-T": 0.3201281737961122, "CLIP-I": 0.5062583007711249, "DINO": 0.26373596092531115}
