{"CLIP-T": 0.0, "CLIP-I": 0.8596093746561562, "DINO": 0.6592705914721316}
{"CLIP-T": 0.0, "CLIP-I": 0.9179009329047497, "DINO": 0.8664282458600691}
{"CLIP-T": 0.0, "CLIP-I": 0.8492968746602813, "DINO": 0.790328182858002}
{"CLIP-T": 0.0, "CLIP-I": 0.8230078121707969, "DINO": 0.7331224200177251}
{"CLIP-T": 0.0, "CLIP-I": 0.8207617184216953, "DINO": 0.6787259194520203}
{"CLIP-T": 0.0, "CLIP-I": 0.8490429684103827, "DINO": 0.8153855535106682}
{"CLIP-T": 0.0, "CLIP-I": 0.8752148433999141, "DINO": 0.5423360512471463}
{"CLIP-T": 0.0, "CLIP-I": 0.9392382808743046, "DINO": 0.8792187353431977}
{"CLIP-T": 0.0, "CLIP-I": 0.9480468746207812, "DINO": 0.9306742068382711}
{"CLIP-T": 0.0, "CLIP-I": 0.8768988712841947, "DINO": 0.7346355134857174}
{"CLIP-T": 0.0, "CLIP-I": 0.8559977211163895, "DINO": 0.8028076586877492}
{"CLIP-T": 0.0, "CLIP-I": 0.9649963372875022, "DINO": 0.9318057106571977}
{"CLIP-T": 0.0, "CLIP-I": 0.9075195308869921, "DINO": 0.8158236738756358}
{"CLIP-T": 0.0, "CLIP-I": 0.8459879554941699, "DINO": 0.624854925432415}
{"CLIP-T": 0.0, "CLIP-I": 0.9051367183879453, "DINO": 0.7786429998144277}
{"CLIP-T": 0.0, "CLIP-I": 0.8156331377942686, "DINO": 0.7673136093074516}
{"CLIP-T": 0.0, "CLIP-I": 0.8499609371600156, "DINO": 0.709162392332607}
{"CLIP-T": 0.0, "CLIP-I": 0.8685351559025859, "DINO": 0.7766135999434134}
{"CLIP-T": 0.0, "CLIP-I": 0.8801953121479218, "DINO": 0.7649598929206396}
{"CLIP-T": 0.0, "CLIP-I": 0.8582031246567188, "DINO": 0.8443440290888371}
{"CLIP-T": 0.0, "CLIP-I": 0.8609960934056016, "DINO": 0.6971303603244804}
{"CLIP-T": 0.0, "CLIP-I": 0.9126790362048114, "DINO": 0.6697258997089972}
{"CLIP-T": 0.0, "CLIP-I": 0.8778889971519752, "DINO": 0.7398355816401975}
{"CLIP-T": 0.0, "CLIP-I": 0.8903401690235166, "DINO": 0.7526125657454672}
{"CLIP-T": 0.0, "CLIP-I": 0.8879699701481437, "DINO": 0.7908803964678656}
{"CLIP-T": 0.0, "CLIP-I": 0.8611382376080171, "DINO": 0.6359785760331493}
{"CLIP-T": 0.0, "CLIP-I": 0.9375542532117904, "DINO": 0.928085467623825}
{"CLIP-T": 0.0, "CLIP-I": 0.9361914058755234, "DINO": 0.8432339712584705}
{"CLIP-T": 0.0, "CLIP-I": 0.9100390621359844, "DINO": 0.8258044168030095}
{"CLIP-T": 0.0, "CLIP-I": 0.9605078121157968, "DINO": 0.901829664346452}
