{"CLIP-T": 0.0, "CLIP-I": 0.9392382808743046, "DINO": 0.8792187353431977}
{"CLIP-T": 0.0, "CLIP-I": 0.8156331377942686, "DINO": 0.7673136093074516}
{"CLIP-T": 0.0, "CLIP-I": 0.8499609371600156, "DINO": 0.709162392332607}
{"CLIP-T": 0.0, "CLIP-I": 0.8778889971519752, "DINO": 0.7398355816401975}
{"CLIP-T": 0.0, "CLIP-I": 0.9375542532117904, "DINO": 0.928085467623825}
