{"CLIP-T": 0.3036340331727616, "CLIP-I": 0.5913494872899038, "DINO": 0.5833270541618963}
