{"CLIP-T": 0.3199450683273805, "CLIP-I": 0.6202875976438442, "DINO": 0.2643351308054509}
