{"CLIP-T": 0.3222619628583988, "CLIP-I": 0.6773673502491272, "DINO": 0.5100621338103638}
