{"CLIP-T": 0.3647949218385205, "CLIP-I": 0.8300205077958995, "DINO": 0.4660330594088808}
