{"CLIP-T": 0.32931274410769373, "CLIP-I": 0.7352848307169119, "DINO": 0.38264674988247976}
