{"CLIP-T": 0.3432177734031782, "CLIP-I": 0.6384228515497316, "DINO": 0.3160586830314367}
